Mean,Std Dev
988.6585038893489,8.228046185785976
9.250203962180695,8.635015642805945
13.463532473319962,7.678188841021136
4.007798818063606,4.803931209755725
5.976072306305769,2.6890535200167185
1216.333793703212,40.853512025085266
2.149327154273628,1.527055119954377
